year,month,hindu_muhurat_count,is_pitru_paksha_month,is_kharmas_month,is_mal_maas_year,hijri_ramadan_days,hijri_muharram_days,hijri_total_restricted_days,demand_index,gold_price_inr_10g,cpi_index,date,quarter,month_sin,month_cos,months_to_diwali,is_diwali_month,demand_lag_1m,demand_lag_2m,demand_lag_3m,demand_lag_12m,demand_rolling_mean_3m,demand_rolling_std_3m,demand_rolling_mean_6m,demand_yoy_change,year_trend,muhurat_yoy_change,muhurat_density_vs_avg,is_top3_muhurat_month,quarter_muhurat_cumsum,muhurat_rolling_3m,muhurat_lead_1m,muhurat_lead_2m,muhurat_next_3m_total,days_in_month,hijri_available_days,hijri_availability_ratio,combined_favorable_score,favorable_score_vs_rolling,gold_price_mom_3m,gold_price_mom_12m,gold_price_normalized,cpi_yoy_change,muhurat_x_gold_mom,is_trainable
2010,1,4,0,1,1,0,0,0,13.2,17540,81.5,2010-01-01,1,0.49999999999999994,0.8660254037844387,2,0,,,,,13.2,0.0,13.2,,0.0,,0.9846153846153847,0,4,4.0,7.0,8.0,25.0,31,31,1.0,4.0,1.0,,,0.007084408808830798,,0.0,0
2010,2,7,0,0,1,0,0,0,15.4,18482,82.0,2010-02-01,1,0.8660254037844386,0.5000000000000001,3,0,13.2,,,,14.3,1.5556349186104046,14.3,,0.0,,1.009009009009009,0,11,5.5,8.0,10.0,24.0,28,28,1.0,7.0,1.2727272727272727,,,0.02432862870009336,,0.0,0
2010,3,8,0,0,1,0,0,0,10.8,18470,81.7,2010-03-01,1,1.0,6.123233995736766e-17,4,0,15.4,13.2,,,13.133333333333333,2.3007245235649862,13.133333333333333,,0.0,,1.3195876288659794,0,19,6.333333333333333,10.0,6.0,19.0,31,31,1.0,8.0,1.2631578947368423,,,0.02410895710912186,,0.0,0
2010,4,10,0,0,1,0,0,0,14.8,17664,82.5,2010-04-01,2,0.8660254037844387,-0.4999999999999998,5,0,10.8,15.4,13.2,,13.666666666666666,2.5006665778014736,13.55,,0.0,,1.3008130081300813,1,10,8.333333333333334,6.0,3.0,9.0,30,30,1.0,10.0,1.3793103448275863,0.007069555302166464,,0.00935434858220294,,0.07069555302166464,0
2010,5,6,0,0,1,0,0,0,12.3,18361,82.8,2010-05-01,2,0.49999999999999994,-0.8660254037844387,6,0,14.8,10.8,15.4,,12.633333333333335,2.0207259421636907,13.3,,0.0,,0.9896907216494846,0,16,8.0,3.0,0.0,3.0,31,31,1.0,6.0,0.8571428571428571,-0.0065469105075208756,,0.02211360682446409,,-0.03928146304512525,0
2010,6,3,0,0,1,0,0,0,8.2,19222,81.9,2010-06-01,2,1.2246467991473532e-16,-1.0,5,0,12.3,14.8,10.8,,11.766666666666666,3.332166462428512,12.450000000000001,,0.0,,0.7164179104477612,0,19,6.333333333333333,0.0,0.0,2.0,30,30,1.0,3.0,0.4736842105263158,0.040714672441797495,,0.03787504347666905,,0.12214401732539248,0
2010,7,0,0,0,1,0,0,0,4.1,17153,83.3,2010-07-01,3,-0.4999999999999997,-0.8660254037844388,4,0,8.2,12.3,14.8,,8.200000000000001,4.100000000000001,10.933333333333332,,0.0,,0.0,0,0,3.0,0.0,2.0,13.0,31,31,1.0,0.0,0.0,-0.028928894927536253,,0.0,,-0.0,0
2010,8,0,0,0,1,21,0,21,3.2,18627,82.7,2010-08-01,3,-0.8660254037844384,-0.5000000000000004,3,0,4.1,8.2,12.3,,5.166666666666667,2.6652079343520896,8.9,,0.0,,0.0,0,0,1.0,2.0,11.0,25.0,31,10,0.3225806451612903,0.0,0.0,0.014487228364468141,,0.026982993757665625,,0.0,0
2010,9,2,1,0,1,9,0,9,4.7,19395,84.5,2010-09-01,3,-1.0,-1.8369701987210297e-16,2,0,3.2,4.1,8.2,,4.0,0.7549834435270746,7.883333333333334,,0.0,,2.1333333333333333,0,2,0.6666666666666666,11.0,12.0,28.0,30,21,0.7,1.4,0.3197969543147208,0.009000104047445667,,0.04104197557984147,,0.018000208094891335,0
2010,10,11,0,0,1,0,10,10,19.0,18740,83.7,2010-10-01,4,-0.8660254037844386,0.5000000000000001,1,0,4.7,3.2,4.1,,8.966666666666667,8.721429546429492,8.583333333333334,,0.0,,1.1139240506329113,1,11,4.333333333333333,12.0,5.0,21.0,31,21,0.6774193548387096,7.451612903225806,1.5904709446433487,0.092520258846849,,0.02905156790598056,,1.017722847315339,0
2010,11,12,0,0,1,0,0,0,28.5,19029,84.5,2010-11-01,4,-0.5000000000000004,0.8660254037844384,0,1,19.0,4.7,3.2,,17.400000000000002,11.980400661079749,11.283333333333333,,0.0,,0.9746192893401016,1,23,8.333333333333334,5.0,4.0,15.0,30,30,1.0,12.0,2.2429291821968866,0.021581575132871622,,0.034341992055210796,,0.25897890159445947,0
2010,12,5,0,1,1,0,0,0,11.8,18447,85.2,2010-12-01,4,-2.4492935982947064e-16,1.0,1,0,28.5,19.0,4.7,,19.766666666666666,8.376355611680617,11.883333333333333,,0.0,,1.4814814814814814,0,28,9.333333333333334,4.0,6.0,17.0,31,31,1.0,5.0,0.9396786905122764,-0.04887857695282294,,0.02368791989309316,,-0.2443928847641147,0
2011,1,4,0,0,0,0,0,0,11.4,27030,87.8,2011-01-01,1,0.49999999999999994,0.8660254037844387,3,0,11.8,28.5,19.0,13.2,17.23333333333333,9.759269098315375,13.100000000000001,-1.799999999999999,0.06666666666666667,0.0,0.9846153846153847,0,4,7.0,6.0,7.0,23.0,31,31,1.0,4.0,0.7517429524098211,0.44236926360725715,0.541049030786773,0.1808080253354568,0.07730061349693251,1.7694770544290286,1
2011,2,6,0,0,0,0,0,0,15.5,25117,88.2,2011-02-01,1,0.8660254037844386,0.5000000000000001,4,0,11.4,11.8,28.5,15.4,12.899999999999999,2.2605309110914766,15.15,0.09999999999999964,0.06666666666666667,-1.0,0.8648648648648649,0,10,5.0,7.0,10.0,22.0,28,28,1.0,6.0,1.1455553274481627,0.31993273424772717,0.3589979439454605,0.14578871254141726,0.07560975609756104,1.919596405486363,1
2011,3,7,0,0,0,0,0,0,13.3,25788,88.6,2011-03-01,1,1.0,6.123233995736766e-17,5,0,15.5,11.4,11.8,10.8,13.399999999999999,2.0518284528683344,16.583333333333332,2.5,0.06666666666666667,-1.0,1.1546391752577319,1,17,5.666666666666667,10.0,5.0,21.0,31,31,1.0,7.0,1.358089078961093,0.39795088632297926,0.39621007038440714,0.15807201566990683,0.0844553243574051,2.785656204260855,1
2011,4,10,0,0,0,0,0,0,13.4,26056,90.1,2011-04-01,2,0.8660254037844387,-0.4999999999999998,6,0,13.3,15.5,11.4,14.8,14.066666666666668,1.2423096769056399,15.65,-1.4000000000000004,0.06666666666666667,0.0,1.3008130081300813,1,10,7.666666666666667,5.0,6.0,12.0,30,30,1.0,10.0,1.9401272556587046,-0.03603403625601187,0.475090579710145,0.16297801453493693,0.09212121212121205,-0.3603403625601187,1
2011,5,5,0,0,0,0,0,0,10.8,28429,88.9,2011-05-01,2,0.49999999999999994,-0.8660254037844387,5,0,13.4,13.3,15.5,12.3,12.5,1.4730919862656437,12.700000000000001,-1.5,0.06666666666666667,-1.0,0.8247422680412371,0,15,7.333333333333333,6.0,1.0,10.0,31,31,1.0,5.0,0.9860050890585241,0.13186288171358052,0.5483361472686672,0.2064180716495506,0.07367149758454117,0.6593144085679026,1
2011,6,6,0,0,0,0,0,0,9.1,27851,89.8,2011-06-01,2,1.2246467991473532e-16,-1.0,4,0,10.8,13.4,13.3,8.2,11.1,2.165640782770785,12.25,0.9000000000000004,0.06666666666666667,3.0,1.4328358208955223,0,21,7.0,1.0,3.0,5.0,30,30,1.0,6.0,1.1276144286147316,0.07999844889095709,0.448912704193112,0.19583722335109013,0.09645909645909634,0.4799906933457425,1
2011,7,1,0,0,0,0,0,0,4.6,27195,90.1,2011-07-01,3,-0.4999999999999997,-0.8660254037844388,3,0,9.1,10.8,13.4,4.1,8.166666666666666,3.2036437588054927,11.116666666666667,0.5,0.06666666666666667,1.0,0.7272727272727273,0,1,4.0,3.0,1.0,11.0,31,31,1.0,1.0,0.18503780342220458,0.0437135400675468,0.585436949804699,0.18382850971131492,0.08163265306122436,0.0437135400675468,1
2011,8,3,0,0,0,30,0,30,4.9,27240,90.4,2011-08-01,3,-0.8660254037844384,-0.5000000000000004,2,0,4.6,9.1,10.8,3.2,6.199999999999998,2.515949125081834,9.35,1.7000000000000002,0.06666666666666667,3.0,8.0,0,4,3.3333333333333335,1.0,7.0,19.0,31,1,0.03225806451612903,0.0967741935483871,0.01788020264229661,-0.04182349009813924,0.4623933000483169,0.18465227817745802,0.09310761789600974,-0.1254704702944177,1
2011,9,1,1,0,0,0,0,0,4.3,27254,90.7,2011-09-01,3,-1.0,-1.8369701987210297e-16,1,0,4.9,4.6,9.1,4.7,4.599999999999999,0.3000000000000737,7.8500000000000005,-0.40000000000000036,0.06666666666666667,-1.0,1.0666666666666667,0,5,1.6666666666666667,7.0,11.0,23.0,30,30,1.0,1.0,0.18590704647676162,-0.021435496032458423,0.40520752771332824,0.1849085617002581,0.07337278106508882,-0.021435496032458423,1
2011,10,7,0,0,0,0,10,10,24.8,28684,90.7,2011-10-01,4,-0.8660254037844386,0.5000000000000001,0,1,4.3,4.9,4.6,19.0,11.333333333333334,11.666333328571294,9.75,5.800000000000001,0.06666666666666667,-4.0,0.7088607594936709,1,7,3.6666666666666665,11.0,5.0,22.0,31,21,0.6774193548387096,4.741935483870967,0.9201877934272299,0.05475271189556907,0.5306296691568837,0.21108609295769493,0.08363201911589013,0.3832689832689835,1
2011,11,11,0,0,0,0,0,0,30.6,26942,90.8,2011-11-01,4,-0.5000000000000004,0.8660254037844384,1,0,24.8,4.3,4.9,28.5,19.900000000000002,13.817742217887846,13.049999999999999,2.1000000000000014,0.06666666666666667,-1.0,0.8934010152284264,1,18,6.333333333333333,5.0,6.0,18.0,30,30,1.0,11.0,2.1696712619300107,-0.010939794419970617,0.4158389826054969,0.17919710033499917,0.0745562130177515,-0.12033773861967678,1
2011,12,5,0,1,0,0,0,0,12.8,27331,91.5,2011-12-01,4,-2.4492935982947064e-16,1.0,2,0,30.6,24.8,4.3,11.8,22.73333333333333,9.078178965703058,13.666666666666666,1.0,0.06666666666666667,0.0,1.4814814814814814,0,23,7.666666666666667,6.0,7.0,20.0,31,31,1.0,5.0,0.9862142099681868,0.002825273354370106,0.48159592345638846,0.18631812107565857,0.073943661971831,0.01412636677185053,1
2012,1,6,0,1,1,0,0,0,16.4,29284,97.3,2012-01-01,1,0.49999999999999994,0.8660254037844387,2,0,12.8,30.6,24.8,11.4,19.933333333333334,9.411340676722602,15.633333333333333,4.999999999999998,0.13333333333333333,2.0,1.476923076923077,0,6,7.333333333333333,7.0,7.0,23.0,31,31,1.0,6.0,1.1457905544147844,0.020917584716218185,0.08338882722900487,0.2220696725062698,0.10820045558086555,0.1255055082973091,1
2012,2,7,0,0,1,0,0,0,17.2,29542,99.5,2012-02-01,1,0.8660254037844386,0.5000000000000001,3,0,16.4,12.8,30.6,15.5,15.466666666666663,2.3437861108329328,17.683333333333334,1.6999999999999993,0.13333333333333333,1.0,1.009009009009009,0,13,6.0,7.0,9.0,21.0,28,28,1.0,7.0,1.3158160687215767,0.09650360032662753,0.17617549866624205,0.226792611712157,0.1281179138321995,0.6755252022863927,1
2012,3,7,0,0,1,0,0,0,10.2,31576,98.6,2012-03-01,1,1.0,6.123233995736766e-17,4,0,17.2,16.4,12.8,13.3,14.6,3.8314488121336066,18.666666666666668,-3.1000000000000014,0.13333333333333333,0.0,1.1546391752577319,0,20,6.666666666666667,9.0,5.0,17.0,31,31,1.0,7.0,1.3158160687215767,0.15531813691412677,0.2244454785171397,0.26402694638182583,0.1128668171557563,1.0872269583988874,1
2012,4,9,0,0,1,0,0,0,13.9,29719,99.0,2012-04-01,2,0.8660254037844387,-0.4999999999999998,5,0,10.2,17.2,16.4,13.4,13.766666666666666,3.501904243884083,16.849999999999998,0.5,0.13333333333333333,-1.0,1.170731707317073,1,9,7.666666666666667,5.0,3.0,10.0,30,30,1.0,9.0,1.7186858316221767,0.014854528069935702,0.14058182376420025,0.2300327676789866,0.09877913429522756,0.13369075262942132,1
2012,5,5,0,0,1,0,0,0,14.7,31229,99.2,2012-05-01,2,0.49999999999999994,-0.8660254037844387,6,0,13.9,10.2,17.2,10.8,12.933333333333332,2.4006943440041146,14.200000000000001,3.8999999999999986,0.13333333333333333,0.0,0.8247422680412371,0,14,7.0,3.0,2.0,5.0,31,31,1.0,5.0,0.9548254620123203,0.05710513844695697,0.09849097752295188,0.2576747762095667,0.11586051743532044,0.28552569223478486,1
2012,6,3,0,0,1,0,0,0,9.1,29945,100.0,2012-06-01,2,1.2246467991473532e-16,-1.0,5,0,14.7,13.9,10.2,9.1,12.566666666666665,3.0287511177601476,13.583333333333334,0.0,0.13333333333333333,-3.0,0.7164179104477612,0,17,5.666666666666667,2.0,0.0,4.0,30,30,1.0,3.0,0.6016172506738545,-0.05165315429440076,0.07518581020430148,0.23416991597561645,0.11358574610244987,-0.15495946288320228,1
2012,7,2,0,0,1,12,0,12,4.6,30812,99.5,2012-07-01,3,-0.4999999999999997,-0.8660254037844388,4,0,9.1,14.7,13.9,4.6,9.466666666666667,5.059973649470255,11.616666666666667,0.0,0.13333333333333333,1.0,1.4545454545454546,0,2,3.3333333333333335,0.0,2.0,10.0,31,19,0.6129032258064516,1.2258064516129032,0.2448979591836735,0.03677781890373155,0.13300239014524728,0.25004118842330714,0.10432852386237523,0.0735556378074631,1
2012,8,0,0,0,1,18,0,18,3.9,29012,99.7,2012-08-01,3,-0.8660254037844384,-0.5000000000000004,3,0,4.6,9.1,14.7,4.9,5.8666666666666645,2.8219378684395786,9.399999999999999,-1.0000000000000004,0.13333333333333333,-3.0,0.0,0,2,1.6666666666666667,2.0,8.0,23.0,31,13,0.41935483870967744,0.0,0.0,-0.0709917064267187,0.06505139500734214,0.21709044977758252,0.10287610619469012,-0.0,1
2012,9,2,1,0,1,0,0,0,7.1,29694,100.9,2012-09-01,3,-1.0,-1.8369701987210297e-16,2,0,3.9,4.6,9.1,4.3,5.199999999999998,1.6822603841260653,8.883333333333333,2.8,0.13333333333333333,1.0,2.1333333333333333,0,4,1.3333333333333333,8.0,13.0,22.0,30,30,1.0,2.0,0.39365079365079364,-0.008382033728502214,0.08952814265795839,0.2295751185311293,0.11245865490628448,-0.016764067457004428,1
2012,10,8,0,0,1,0,10,10,25.5,31614,101.0,2012-10-01,4,-0.8660254037844386,0.5000000000000001,1,0,7.1,3.9,4.6,24.8,12.166666666666666,11.657329597010344,10.816666666666668,0.6999999999999993,0.13333333333333333,1.0,0.810126582278481,1,8,3.3333333333333335,13.0,1.0,18.0,31,21,0.6774193548387096,5.419354838709677,1.0549450549450547,0.026028819940282943,0.10214753869753168,0.26472257308656894,0.11356119073869908,0.20823055952226355,1
2012,11,13,0,0,1,0,0,0,33.5,33510,100.9,2012-11-01,4,-0.5000000000000004,0.8660254037844384,0,1,25.5,7.1,3.9,30.6,22.03333333333333,13.537109489596862,13.949999999999998,2.8999999999999986,0.13333333333333333,2.0,1.0558375634517767,1,21,7.666666666666667,1.0,4.0,11.0,30,30,1.0,13.0,2.451089711099848,0.15503929408520611,0.24378294113280385,0.29943068446006554,0.1112334801762116,2.0155108231076797,1
2012,12,1,0,1,1,0,0,0,12.6,30888,102.2,2012-12-01,4,-2.4492935982947064e-16,1.0,1,0,33.5,25.5,7.1,12.8,23.866666666666664,10.54529911066222,14.533333333333333,-0.20000000000000107,0.13333333333333333,-4.0,0.2962962962962963,0,22,7.333333333333333,4.0,6.0,18.0,31,31,1.0,1.0,0.20118983234180637,0.040210143463325965,0.13014525630236728,0.2514324418327933,0.11693989071038247,0.040210143463325965,1
2013,1,4,0,0,0,0,0,0,16.3,29010,108.4,2013-01-01,1,0.49999999999999994,0.8660254037844387,2,0,12.6,33.5,25.5,16.4,20.8,11.153026495081955,16.48333333333333,-0.09999999999999787,0.2,-2.0,0.9846153846153847,0,4,6.0,6.0,8.0,21.0,31,31,1.0,4.0,0.8326804700615557,-0.08236857088631622,-0.009356645267040054,0.21705383784575394,0.11408016443987679,-0.32947428354526487,1
2013,2,6,0,0,0,0,0,0,17.5,29305,108.8,2013-02-01,1,0.8660254037844386,0.5000000000000001,3,0,16.3,12.6,33.5,17.2,15.466666666666667,2.5540817005987555,18.75,0.3000000000000007,0.2,-1.0,0.8648648648648649,0,10,3.6666666666666665,8.0,7.0,23.0,28,28,1.0,6.0,1.2710706150341684,-0.12548492987168014,-0.008022476474172313,0.2224540977904699,0.09346733668341711,-0.7529095792300808,1
2013,3,8,0,0,0,0,0,0,14.9,28531,108.5,2013-03-01,1,1.0,6.123233995736766e-17,4,0,17.5,16.3,12.6,10.2,16.23333333333333,1.30128141972958,20.05,4.700000000000001,0.2,1.0,1.3195876288659794,1,18,6.0,7.0,8.0,21.0,31,31,1.0,8.0,1.6653609401231113,-0.07630795130795132,-0.09643400050671391,0.2082852801728083,0.10040567951318469,-0.6104636104636105,1
2013,4,7,0,0,0,0,0,0,12.6,29852,108.7,2013-04-01,2,0.8660254037844387,-0.4999999999999998,5,0,14.9,17.5,16.3,13.9,15.0,2.451530134426274,17.900000000000002,-1.3000000000000007,0.2,-2.0,0.9105691056910569,0,7,7.0,8.0,6.0,17.0,30,30,1.0,7.0,1.5095652173913041,0.0290244743192003,0.004475251522594981,0.23246746114558733,0.09797979797979806,0.2031713202344021,1
2013,5,8,0,0,0,0,0,0,15.5,29174,109.4,2013-05-01,2,0.49999999999999994,-0.8660254037844387,6,0,12.6,14.9,17.5,14.7,14.333333333333334,1.5307950004273734,14.9,0.8000000000000007,0.2,3.0,1.3195876288659794,1,15,7.666666666666667,6.0,3.0,11.0,31,31,1.0,8.0,1.6369636963696368,-0.004470226923733112,-0.0658042204361331,0.22005601625569773,0.10282258064516125,-0.03576181538986489,1
2013,6,6,0,0,0,0,0,0,9.6,27785,109.3,2013-06-01,2,1.2246467991473532e-16,-1.0,5,0,15.5,12.6,14.9,9.1,12.566666666666668,2.950141239556754,14.399999999999999,0.5,0.2,3.0,1.4328358208955223,0,21,7.0,3.0,2.0,7.0,30,30,1.0,6.0,1.1679748822605964,-0.026146998002173127,-0.07213224244448158,0.19462902960074688,0.09299999999999997,-0.15688198801303876,1
2013,7,3,0,0,0,23,0,23,5.2,29253,110.1,2013-07-01,3,-0.4999999999999997,-0.8660254037844388,4,0,9.6,15.5,12.6,4.6,10.1,5.168171823769034,12.549999999999999,0.6000000000000005,0.2,1.0,2.1818181818181817,0,3,5.666666666666667,2.0,2.0,13.0,31,8,0.25806451612903225,0.7741935483870968,0.1518186610437533,-0.02006565724239584,-0.05059716993379204,0.22150218756292675,0.10653266331658284,-0.06019697172718752,1
2013,8,2,0,0,0,7,0,7,4.1,30712,110.7,2013-08-01,3,-0.8660254037844384,-0.5000000000000004,3,0,5.2,9.6,15.5,3.9,6.3,2.910326442171082,10.316666666666666,0.19999999999999973,0.2,2.0,5.333333333333333,0,5,3.6666666666666665,2.0,9.0,23.0,31,24,0.7741935483870968,1.5483870967741935,0.2961439588688946,0.0527181737163227,0.058596442851234,0.24821059183187802,0.11033099297893689,0.1054363474326454,1
2013,9,2,1,0,0,0,10,10,5.6,30200,111.2,2013-09-01,3,-1.0,-1.8369701987210297e-16,2,0,4.1,5.2,9.6,7.1,4.966666666666666,0.7767453465155344,8.766666666666667,-1.5,0.2,0.0,2.1333333333333333,0,7,2.3333333333333335,9.0,12.0,23.0,30,20,0.6666666666666666,1.3333333333333333,0.2577516022865061,0.08691740147561644,0.017040479558159793,0.23883793728376077,0.10208126858275524,0.17383480295123288,1
2013,10,9,1,0,0,0,0,0,26.0,30773,111.0,2013-10-01,4,-0.8660254037844386,0.5000000000000001,1,0,5.6,4.1,5.2,25.5,11.9,12.233969102462215,11.0,0.5,0.2,1.0,0.9113924050632911,1,9,4.333333333333333,12.0,2.0,16.0,31,31,1.0,9.0,1.6449394038650509,0.051960482685536435,-0.02660213829316127,0.2493272557526498,0.0990099009900991,0.4676443441698279,1
2013,11,12,0,0,0,0,0,0,27.2,33311,111.3,2013-11-01,4,-0.5000000000000004,0.8660254037844384,0,1,26.0,5.6,4.1,33.5,19.599999999999998,12.139192724394817,12.950000000000001,-6.300000000000001,0.2,-1.0,0.9746192893401016,1,21,7.666666666666667,2.0,2.0,10.0,30,30,1.0,12.0,2.2271744553467485,0.0846249023183121,-0.005938525813190099,0.29578779724312154,0.10307234886025762,1.0154988278197452,1
2013,12,2,0,1,0,0,0,0,13.3,29967,111.7,2013-12-01,4,-2.4492935982947064e-16,1.0,1,0,27.2,26.0,5.6,12.6,22.166666666666668,7.702164198024694,13.566666666666668,0.7000000000000011,0.2,1.0,0.5925925925925926,0,23,7.666666666666667,2.0,6.0,15.0,31,31,1.0,2.0,0.36554208974778907,-0.007715231788079424,-0.029817404817404802,0.23457264722573087,0.09295499021526421,-0.015430463576158848,1
2014,1,2,0,1,0,0,0,0,17.5,28246,115.4,2014-01-01,1,0.49999999999999994,0.8660254037844387,3,0,13.3,27.2,26.0,16.3,19.333333333333332,7.129048557369586,15.616666666666667,1.1999999999999993,0.26666666666666666,-2.0,0.49230769230769234,0,2,5.333333333333333,6.0,7.0,23.0,31,31,1.0,2.0,0.377027027027027,-0.08211744061352488,-0.02633574629438129,0.20306807988723524,0.06457564575645747,-0.16423488122704977,1
2014,2,6,0,0,0,0,0,0,18.9,28984,115.1,2014-02-01,1,0.8660254037844386,0.5000000000000001,4,0,17.5,13.3,27.2,17.5,16.566666666666666,2.9143323992525922,18.083333333333332,1.3999999999999986,0.26666666666666666,0.0,0.8648648648648649,0,8,3.3333333333333335,7.0,10.0,23.0,28,28,1.0,6.0,1.131081081081081,-0.1298970310107772,-0.010953762156628577,0.21657788273198236,0.05790441176470584,-0.7793821860646633,1
2014,3,7,0,0,0,0,0,0,15.7,26644,115.1,2014-03-01,1,1.0,6.123233995736766e-17,5,0,18.9,17.5,13.3,14.9,17.366666666666667,1.6041612554021425,19.766666666666666,0.7999999999999989,0.26666666666666666,-1.0,1.1546391752577319,0,15,5.0,10.0,6.0,20.0,31,31,1.0,7.0,1.3406555689033808,-0.11088864417525945,-0.06613858609933054,0.1737419224925403,0.060829493087557474,-0.7762205092268162,1
2014,4,10,0,0,0,0,0,0,16.2,27127,116.7,2014-04-01,2,0.8660254037844387,-0.4999999999999998,6,0,15.7,18.9,17.5,12.6,16.933333333333334,1.7214335111567274,18.133333333333333,3.5999999999999996,0.26666666666666666,3.0,1.3008130081300813,1,10,7.666666666666667,6.0,4.0,13.0,30,30,1.0,10.0,1.8277104487389453,-0.03961622884656235,-0.09128366608602434,0.1825837040291431,0.07359705611775524,-0.3961622884656235,1
2014,5,6,0,0,0,0,0,0,13.4,29759,116.3,2014-05-01,2,0.49999999999999994,-0.8660254037844387,5,0,16.2,15.7,18.9,15.5,15.1,1.4933184523068253,15.833333333333334,-2.0999999999999996,0.26666666666666666,-2.0,0.9896907216494846,0,16,7.666666666666667,4.0,3.0,7.0,31,31,1.0,6.0,1.131081081081081,0.026738890422302042,0.020052101185987548,0.23076500631555824,0.0630712979890311,0.16043334253381225,1
2014,6,4,0,0,0,2,0,2,9.0,27056,116.5,2014-06-01,2,1.2246467991473532e-16,-1.0,4,0,13.4,16.2,15.7,9.6,12.866666666666667,3.6295086903509954,15.116666666666667,-0.5999999999999996,0.26666666666666666,-2.0,0.9552238805970149,0,20,6.666666666666667,3.0,0.0,3.0,30,28,0.9333333333333333,3.7333333333333334,0.7297694948504169,0.015463143672121316,-0.02623717833363326,0.18128398044922842,0.06587374199451057,0.06185257468848526,1
2014,7,3,0,0,0,28,0,28,5.1,28025,117.4,2014-07-01,3,-0.4999999999999997,-0.8660254037844388,3,0,9.0,13.4,16.2,5.2,9.166666666666666,4.152509281546933,13.049999999999999,-0.10000000000000053,0.26666666666666666,0.0,2.1818181818181817,0,3,4.333333333333333,0.0,0.0,10.0,31,3,0.0967741935483871,0.29032258064516125,0.05720137000812117,0.033103549968665824,-0.04197860048542035,0.19902246142017685,0.06630336058128994,0.09931064990599747,1
2014,8,0,0,0,0,0,0,0,3.9,29476,117.9,2014-08-01,3,-0.8660254037844384,-0.5000000000000004,2,0,5.1,9.0,13.4,4.1,6.0,2.666458325194695,10.549999999999999,-0.19999999999999973,0.26666666666666666,-2.0,0.0,0,3,2.3333333333333335,0.0,10.0,22.0,31,31,1.0,0.0,0.0,-0.009509728149467378,-0.0402448554311019,0.22558441796181375,0.0650406504065042,-0.0,1
2014,9,0,1,0,0,0,10,10,6.4,29036,118.3,2014-09-01,3,-1.0,-1.8369701987210297e-16,1,0,3.9,5.1,9.0,5.6,5.133333333333334,1.2503332889007774,9.0,0.8000000000000007,0.26666666666666666,-2.0,0.0,0,3,1.0,10.0,12.0,23.0,30,20,0.6666666666666666,0.0,0.0,0.07318154937906574,-0.03854304635761585,0.21752979295952551,0.06384892086330929,0.0,1
2014,10,10,0,0,0,0,0,0,36.9,30653,118.0,2014-10-01,4,-0.8660254037844386,0.5000000000000001,0,1,6.4,3.9,5.1,26.0,15.733333333333334,18.37344097694641,12.449999999999998,10.899999999999999,0.26666666666666666,1.0,1.0126582278481013,1,10,3.3333333333333335,12.0,1.0,20.0,31,31,1.0,10.0,2.0330831450848943,0.0937734165923283,-0.0038995223085172004,0.24713053984293482,0.06306306306306309,0.937734165923283,1
2014,11,12,0,0,0,0,0,0,35.7,30719,117.6,2014-11-01,4,-0.5000000000000004,0.8660254037844384,1,0,36.9,6.4,3.9,27.2,26.333333333333332,17.273196963310912,16.166666666666668,8.500000000000004,0.26666666666666666,0.0,0.9746192893401016,1,22,7.333333333333333,1.0,7.0,14.0,30,30,1.0,12.0,2.439699774101873,0.042169900936354976,-0.07781213412986698,0.24833873359327804,0.05660377358490565,0.5060388112362597,1
2014,12,1,0,1,0,0,0,0,12.0,28898,119.2,2014-12-01,4,-2.4492935982947064e-16,1.0,2,0,35.7,36.9,6.4,13.3,28.2,14.04243568616214,16.666666666666668,-1.3000000000000007,0.26666666666666666,-1.0,0.2962962962962963,0,23,7.666666666666667,7.0,6.0,21.0,31,31,1.0,1.0,0.20681220117860716,-0.004752720760435314,-0.03567257316381356,0.2150035696633533,0.06714413607878256,-0.004752720760435314,1
2015,1,7,0,0,1,0,0,0,20.7,25224,120.9,2015-01-01,1,0.49999999999999994,0.8660254037844387,2,0,12.0,35.7,36.9,17.5,22.8,11.988744721612852,19.26666666666667,3.1999999999999993,0.3333333333333333,5.0,1.7230769230769232,0,7,6.666666666666667,6.0,8.0,21.0,31,31,1.0,7.0,1.332832866989695,-0.17711153883796038,-0.10698860015577427,0.14774745089424643,0.04766031195840559,-1.2397807718657226,1
2015,2,6,0,0,1,0,0,0,18.1,26169,121.7,2015-02-01,1,0.8660254037844386,0.5000000000000001,3,0,20.7,12.0,35.7,18.9,16.933333333333334,4.465795935030324,21.633333333333336,-0.7999999999999972,0.3333333333333333,0.0,0.8648648648648649,0,13,4.666666666666667,8.0,7.0,20.0,28,28,1.0,6.0,1.1424281717054527,-0.14811680067710542,-0.09712255037261941,0.16504658868325187,0.05734144222415294,-0.8887008040626325,1
2015,3,8,0,0,1,0,0,0,14.4,26332,121.7,2015-03-01,1,1.0,6.123233995736766e-17,4,0,18.1,20.7,12.0,15.7,17.733333333333334,3.1659648345067515,22.966666666666665,-1.299999999999999,0.3333333333333333,1.0,1.3195876288659794,1,21,7.0,7.0,5.0,16.0,31,31,1.0,8.0,1.49944576937288,-0.08879507232334416,-0.011709953460441347,0.16803046112728137,0.05734144222415294,-0.7103605785867533,1
2015,4,7,0,0,1,0,0,0,19.2,25302,122.6,2015-04-01,2,0.8660254037844387,-0.4999999999999998,5,0,14.4,18.1,20.7,16.2,17.23333333333333,2.5146238950056468,20.016666666666666,3.0,0.3333333333333333,-3.0,0.9105691056910569,0,7,7.0,5.0,4.0,10.0,30,30,1.0,7.0,1.3765153650972652,0.0030922930542340854,-0.06727614553765626,0.14917531623556116,0.050556983718937465,0.021646051379638598,1
2015,5,5,0,0,1,0,0,0,16.0,27745,124.0,2015-05-01,2,0.49999999999999994,-0.8660254037844387,6,0,19.2,14.4,18.1,13.4,16.53333333333333,2.444040370643123,16.733333333333334,2.5999999999999996,0.3333333333333333,-1.0,0.8247422680412371,0,12,6.666666666666667,4.0,1.0,5.0,31,31,1.0,5.0,0.9996058901508366,0.06022392907638818,-0.06767700527571496,0.19389679096417523,0.06620808254514188,0.3011196453819409,1
2015,6,4,0,0,1,13,0,13,9.8,26718,123.7,2015-06-01,2,1.2246467991473532e-16,-1.0,5,0,16.0,19.2,14.4,9.0,15.0,4.779121258139413,16.366666666666667,0.8000000000000007,0.3333333333333333,0.0,0.9552238805970149,0,16,5.333333333333333,1.0,0.0,3.0,30,17,0.5666666666666667,2.2666666666666666,0.4645047559587205,0.014658970074434174,-0.012492607924305177,0.17509656397019788,0.06180257510729614,0.0586358802977367,1
2015,7,1,0,0,1,17,0,17,5.9,26386,123.4,2015-07-01,3,-0.4999999999999997,-0.8660254037844388,4,0,9.8,16.0,19.2,5.1,10.566666666666668,5.093459858812416,13.899999999999999,0.8000000000000007,0.3333333333333333,-2.0,0.7272727272727273,0,1,3.3333333333333335,0.0,2.0,10.0,31,14,0.45161290322580644,0.45161290322580644,0.09229416935247582,0.04284246304639949,-0.058483496877787644,0.16901898328665313,0.05110732538330498,0.04284246304639949,1
2015,8,0,0,0,1,0,4,4,4.5,26689,123.3,2015-08-01,3,-0.8660254037844384,-0.5000000000000004,3,0,5.9,9.8,16.0,3.9,6.733333333333334,2.7465129406819506,11.633333333333333,0.6000000000000001,0.3333333333333333,0.0,0.0,0,1,1.6666666666666667,2.0,8.0,24.0,31,27,0.8709677419354839,0.0,0.0,-0.03806091187601368,-0.09455149952503727,0.17456569095868343,0.045801526717557106,-0.0,1
2015,9,2,1,0,1,0,0,0,8.3,25657,124.0,2015-09-01,3,-1.0,-1.8369701987210297e-16,2,0,4.5,5.9,9.8,6.4,6.233333333333334,1.9218047073866318,10.616666666666665,1.9000000000000004,0.3333333333333333,2.0,2.1333333333333333,0,3,1.0,8.0,14.0,26.0,30,30,1.0,2.0,0.3952681164553375,-0.039711056216782725,-0.11637277861964457,0.15567393413513464,0.048182586644125225,-0.07942211243356545,1
2015,10,8,0,0,1,0,0,0,30.1,27568,124.0,2015-10-01,4,-0.8660254037844386,0.5000000000000001,1,0,8.3,4.5,5.9,36.9,14.300000000000002,13.814485151463302,12.433333333333332,-6.799999999999997,0.3333333333333333,-2.0,0.810126582278481,1,8,3.3333333333333335,14.0,4.0,19.0,31,31,1.0,8.0,1.634925285672429,0.04479648298340022,-0.10064267771506863,0.19065663499734564,0.05084745762711873,0.35837186386720177,1
2015,11,14,0,0,1,0,0,0,39.2,28056,124.3,2015-11-01,4,-0.5000000000000004,0.8660254037844384,0,1,30.1,8.3,4.5,35.7,25.86666666666667,15.879021800266331,16.3,3.5,0.3333333333333333,2.0,1.1370558375634519,1,22,8.0,4.0,1.0,13.0,30,30,1.0,14.0,2.7668768151873624,0.05121960358200006,-0.0866890198248641,0.19958994636351987,0.05697278911564618,0.7170744501480009,1
2015,12,4,0,1,1,0,0,0,16.1,25693,125.4,2015-12-01,4,-2.4492935982947064e-16,1.0,1,0,39.2,30.1,8.3,12.0,28.46666666666667,11.636293797138906,17.35,4.100000000000001,0.3333333333333333,3.0,1.1851851851851851,0,26,8.666666666666666,1.0,8.0,15.0,31,31,1.0,4.0,0.7533160079651692,0.001403125852593945,-0.11090732922693614,0.15633294890804914,0.052013422818792066,0.00561250341037578,1
2016,1,1,0,1,0,0,0,0,17.1,29056,127.2,2016-01-01,1,0.49999999999999994,0.8660254037844387,3,0,16.1,39.2,30.1,20.7,24.133333333333336,13.057692496506931,19.21666666666667,-3.599999999999998,0.4,-6.0,0.24615384615384617,0,1,6.333333333333333,8.0,6.0,22.0,31,31,1.0,1.0,0.20790640485860126,0.05397562391178168,0.15191880748493491,0.21789591227781133,0.05210918114143914,0.05397562391178168,1
2016,2,8,0,0,0,0,0,0,25.4,26876,128.2,2016-02-01,1,0.8660254037844386,0.5000000000000001,4,0,17.1,16.1,39.2,18.1,19.533333333333335,5.105226080530946,22.7,7.299999999999997,0.4,2.0,1.1531531531531531,1,9,4.333333333333333,6.0,8.0,19.0,28,28,1.0,8.0,1.6075479851633117,-0.04205873966353013,0.027016699147846657,0.17798890658465594,0.053410024650780485,-0.33646991730824105,1
2016,3,6,0,0,0,0,0,0,13.5,26557,128.0,2016-03-01,1,1.0,6.123233995736766e-17,5,0,25.4,17.1,16.1,14.4,18.666666666666668,6.102731628814541,23.566666666666666,-0.9000000000000004,0.4,-2.0,0.9896907216494846,0,15,5.0,8.0,5.0,18.0,31,31,1.0,6.0,1.2474384291516076,0.033627836375666575,0.00854473644235143,0.17214930345799695,0.0517666392769105,0.20176701825399945,1
2016,4,8,0,0,0,0,0,0,21.1,29544,128.2,2016-04-01,2,0.8660254037844387,-0.4999999999999998,6,0,13.5,25.4,17.1,19.2,20.0,6.025777958073135,22.066666666666666,1.9000000000000021,0.4,1.0,1.0406504065040652,1,8,7.333333333333333,5.0,5.0,12.0,30,30,1.0,8.0,1.634925285672429,0.016795154185021977,0.1676547308513161,0.22682922364398558,0.04567699836867867,0.1343612334801758,1
2016,5,5,0,0,0,0,0,0,16.6,28586,128.5,2016-05-01,2,0.49999999999999994,-0.8660254037844387,5,0,21.1,13.5,25.4,16.0,17.066666666666666,3.8214307966170753,18.3,0.6000000000000014,0.4,0.0,0.8247422680412371,0,13,6.333333333333333,5.0,2.0,7.0,31,31,1.0,5.0,1.021828303545268,0.06362553951480865,0.030311767886105567,0.20929210829809436,0.03629032258064524,0.31812769757404324,1
2016,6,5,0,0,0,25,0,25,12.6,28256,128.9,2016-06-01,2,1.2246467991473532e-16,-1.0,4,0,16.6,21.1,13.5,9.8,16.76666666666667,4.252450274057701,17.716666666666665,2.799999999999999,0.4,1.0,1.1940298507462686,0,18,6.0,2.0,0.0,2.0,30,5,0.16666666666666666,0.8333333333333333,0.1745659314875645,0.06397559965357535,0.05756418893629767,0.20325113954637816,0.04203718674211809,0.3198779982678768,1
2016,7,2,0,0,0,5,0,5,6.4,27930,129.2,2016-07-01,3,-0.4999999999999997,-0.8660254037844388,3,0,12.6,16.6,21.1,5.9,11.866666666666667,5.139390365922153,15.933333333333332,0.5,0.4,1.0,1.4545454545454546,0,2,4.0,0.0,0.0,11.0,31,26,0.8387096774193549,1.6774193548387097,0.34402278783423695,-0.05463038180341184,0.05851587963313887,0.19728339465831915,0.047001620745542816,-0.10926076360682369,1
2016,8,0,0,0,0,0,10,10,5.4,27815,129.0,2016-08-01,3,-0.8660254037844384,-0.5000000000000004,2,0,6.4,12.6,16.6,4.5,8.133333333333333,3.9004273270160357,12.600000000000001,0.9000000000000004,0.4,0.0,0.0,0,2,2.3333333333333335,0.0,11.0,21.0,31,21,0.6774193548387096,0.0,0.0,-0.026971244665220717,0.04218966615459552,0.19517820857817564,0.04622871046228716,-0.0,1
2016,9,0,1,0,0,0,0,0,6.8,30026,130.1,2016-09-01,3,-1.0,-1.8369701987210297e-16,1,0,5.4,6.4,12.6,8.3,6.2,0.7211102550928968,11.483333333333334,-1.5000000000000009,0.4,-2.0,0.0,0,2,0.6666666666666666,11.0,10.0,22.0,30,30,1.0,0.0,0.0,0.0626415628539072,0.17028491249951272,0.23565269921467405,0.049193548387096664,0.0,1
2016,10,11,1,0,0,0,0,0,39.0,29180,130.8,2016-10-01,4,-0.8660254037844386,0.5000000000000001,0,1,6.8,5.4,6.4,30.1,17.066666666666666,19.00771773078855,14.466666666666669,8.899999999999999,0.4,3.0,1.1139240506329113,1,11,3.6666666666666665,10.0,1.0,12.0,31,31,1.0,11.0,2.2180865480169842,0.04475474400286439,0.058473592571096855,0.22016585205118347,0.05483870967741944,0.49230218403150827,1
2016,11,10,0,0,0,0,0,0,49.7,31581,130.8,2016-11-01,4,-0.5000000000000004,0.8660254037844384,1,0,39.0,6.8,5.4,39.2,31.833333333333332,22.32987535418264,19.983333333333334,10.5,0.4,-4.0,0.8121827411167513,1,21,7.0,1.0,1.0,8.0,30,30,1.0,10.0,2.1617433414043585,0.13539457127449217,0.1256415739948673,0.2641184762113973,0.052292839903459454,1.3539457127449217,1
2016,12,1,0,1,0,0,0,0,15.5,29344,130.7,2016-12-01,4,-2.4492935982947064e-16,1.0,2,0,49.7,39.0,6.8,16.1,34.73333333333334,17.49466585372048,20.46666666666667,-0.6000000000000014,0.4,-3.0,0.2962962962962963,0,22,7.333333333333333,1.0,6.0,11.0,31,31,1.0,1.0,0.2285246237329784,-0.02271364817158461,0.14210096135134087,0.2231680304611273,0.04226475279106845,-0.02271364817158461,1
2017,1,1,0,0,0,0,0,0,19.1,28831,131.9,2017-01-01,1,0.49999999999999994,0.8660254037844387,3,0,15.5,49.7,39.0,17.1,28.100000000000005,18.79255171603899,22.583333333333332,2.0,0.4666666666666667,0.0,0.24615384615384617,0,1,4.0,6.0,4.0,20.0,31,31,1.0,1.0,0.2285246237329784,-0.011960246744345482,-0.00774366740088106,0.21377706994709575,0.036949685534591215,-0.011960246744345482,1
2017,2,6,0,0,0,0,0,0,23.5,27870,131.3,2017-02-01,1,0.8660254037844386,0.5000000000000001,4,0,19.1,15.5,49.7,25.4,19.366666666666667,4.006661120351119,25.599999999999998,-1.8999999999999986,0.4666666666666667,-2.0,0.8648648648648649,0,7,2.6666666666666665,4.0,10.0,21.0,28,28,1.0,6.0,1.4254390633315592,-0.11750736202146861,0.0369846703378478,0.19618503670346166,0.024180967238689677,-0.7050441721288117,1
2017,3,4,0,0,0,0,0,0,20.0,28757,131.6,2017-03-01,1,1.0,6.123233995736766e-17,5,0,23.5,19.1,15.5,13.5,20.866666666666667,2.324507116214808,27.8,6.5,0.4666666666666667,-2.0,0.6597938144329897,0,11,3.6666666666666665,10.0,7.0,23.0,31,31,1.0,4.0,0.9894713509919096,-0.02000408942202836,0.0828406823059833,0.21242242846943818,0.028124999999999956,-0.08001635768811344,1
2017,4,10,0,0,0,0,0,0,21.9,28620,131.8,2017-04-01,2,0.8660254037844387,-0.4999999999999998,6,0,20.0,23.5,19.1,21.1,21.8,1.7521415467935095,24.950000000000003,0.7999999999999972,0.4666666666666667,2.0,1.3008130081300813,1,10,6.666666666666667,7.0,6.0,15.0,30,30,1.0,10.0,2.3757317722192655,-0.007318511324615917,-0.03127538586515033,0.20991451113918025,0.028081123244930062,-0.07318511324615917,1
2017,5,7,0,0,0,5,0,5,18.5,31875,132.1,2017-05-01,2,0.49999999999999994,-0.8660254037844387,5,0,21.9,20.0,23.5,16.6,20.133333333333333,1.703917055884263,19.75,1.8999999999999986,0.4666666666666667,2.0,1.1546391752577319,0,17,7.0,6.0,2.0,9.0,31,26,0.8387096774193549,5.870967741935484,1.3711415716228943,0.14370290635091498,0.11505632127614907,0.269500430190199,0.02801556420233453,1.0059203444564049,1
2017,6,6,0,0,0,25,0,25,12.2,29548,132.4,2017-06-01,2,1.2246467991473532e-16,-1.0,4,0,18.5,21.9,20.0,12.6,17.53333333333333,4.921720566360236,19.2,-0.40000000000000036,0.4666666666666667,1.0,1.4328358208955223,0,23,7.666666666666667,2.0,1.0,3.0,30,5,0.16666666666666666,1.0,0.23279098873591988,0.027506346280905536,0.045724801812004445,0.22690244750764274,0.027152831652443643,0.16503807768543322,1
2017,7,2,0,0,0,0,0,0,6.9,30725,133.2,2017-07-01,3,-0.4999999999999997,-0.8660254037844388,3,0,12.2,18.5,21.9,6.4,12.533333333333333,5.807179464536407,17.166666666666668,0.5,0.4666666666666667,0.0,1.4545454545454546,0,2,5.0,1.0,0.0,10.0,31,31,1.0,2.0,0.46268656716417905,0.07354996505939893,0.10007160759040468,0.2484485693887638,0.030959752321981338,0.14709993011879785,1
2017,8,1,0,0,0,0,10,10,5.2,29142,133.4,2017-08-01,3,-0.8660254037844384,-0.5000000000000004,2,0,6.9,12.2,18.5,5.4,8.1,3.651027252705742,14.116666666666667,-0.20000000000000018,0.4666666666666667,1.0,2.6666666666666665,0,3,3.0,0.0,9.0,20.0,31,21,0.6774193548387096,0.6774193548387096,0.15469613259668508,-0.08574117647058821,0.04770807118461251,0.2194702253464404,0.03410852713178292,-0.08574117647058821,1
2017,9,0,1,0,0,0,0,0,7.4,30160,133.5,2017-09-01,3,-1.0,-1.8369701987210297e-16,1,0,5.2,6.9,12.2,6.8,6.5,1.1532562594671012,12.016666666666666,0.6000000000000005,0.4666666666666667,0.0,0.0,0,3,1.0,9.0,11.0,21.0,30,30,1.0,0.0,0.0,0.020712061730066234,0.004462798907613363,0.2381056986471891,0.02613374327440443,0.0,1
2017,10,9,0,0,0,0,0,0,39.2,31979,134.4,2017-10-01,4,-0.8660254037844386,0.5000000000000001,0,1,7.4,5.2,6.9,39.0,17.26666666666667,19.02664797943488,14.9,0.20000000000000284,0.4666666666666667,-2.0,0.9113924050632911,1,9,3.3333333333333335,11.0,1.0,15.0,31,31,1.0,9.0,2.136566687938737,0.04081366965012201,0.09592186429061011,0.2714042506452853,0.02752293577981657,0.3673230268510981,1
2017,11,11,0,0,0,0,0,0,46.6,30872,134.2,2017-11-01,4,-0.5000000000000004,0.8660254037844384,1,0,39.2,7.4,5.2,49.7,31.066666666666666,20.827225771411165,19.583333333333332,-3.1000000000000014,0.4666666666666667,1.0,0.8934010152284264,1,20,6.666666666666667,1.0,3.0,10.0,30,30,1.0,11.0,2.560700876095119,0.059364491112483764,-0.022450207403185485,0.25113954637816466,0.02599388379204881,0.6530094022373214,1
2017,12,1,0,1,0,0,0,0,19.6,30619,135.2,2017-12-01,4,-2.4492935982947064e-16,1.0,2,0,46.6,39.2,7.4,15.5,35.13333333333333,13.951821864306226,20.816666666666666,4.100000000000001,0.4666666666666667,0.0,0.2962962962962963,0,21,7.0,3.0,6.0,14.0,31,31,1.0,1.0,0.23279098873591988,0.015218832891246592,0.043450109051254016,0.2465081370018489,0.03442999234889066,0.015218832891246592,1
2018,1,3,0,1,1,0,0,0,21.3,29771,137.1,2018-01-01,1,0.49999999999999994,0.8660254037844387,2,0,19.6,46.6,39.2,19.1,29.166666666666668,15.121618079204795,23.21666666666667,2.1999999999999993,0.5333333333333333,2.0,0.7384615384615385,0,3,5.0,6.0,5.0,20.0,31,31,1.0,3.0,0.6722891566265061,-0.06904531098533417,0.032603794526724794,0.23098467790652974,0.03942380591357075,-0.20713593295600252,1
2018,2,6,0,0,1,0,0,0,26.1,29212,136.4,2018-02-01,1,0.8660254037844386,0.5000000000000001,3,0,21.3,19.6,46.6,23.5,22.333333333333332,3.3709543653590734,26.7,2.6000000000000014,0.5333333333333333,0.0,0.8648648648648649,0,9,3.3333333333333335,5.0,9.0,23.0,28,28,1.0,6.0,1.3445783132530122,-0.05377040684115053,0.048152134912091915,0.2207516429604408,0.03884234577303869,-0.3226224410469032,1
2018,3,5,0,0,1,0,0,0,19.6,31440,137.9,2018-03-01,1,1.0,6.123233995736766e-17,4,0,26.1,21.3,19.6,20.0,22.333333333333332,3.3709543653590734,28.733333333333338,-0.3999999999999986,0.5333333333333333,1.0,0.8247422680412371,0,14,4.666666666666667,9.0,9.0,21.0,31,31,1.0,5.0,1.0999408633944412,0.026813416506090926,0.09329902284661129,0.2615373350174822,0.0478723404255319,0.13406708253045463,1
2018,4,9,0,0,1,0,0,0,29.6,31043,137.1,2018-04-01,2,0.8660254037844387,-0.4999999999999998,5,0,19.6,26.1,21.3,21.9,25.100000000000005,5.074445782546112,27.133333333333336,7.700000000000003,0.5333333333333333,-1.0,1.170731707317073,1,9,6.666666666666667,9.0,3.0,12.0,30,30,1.0,9.0,2.0168674698795184,0.04272614289073262,0.08466107617051022,0.2542698665495085,0.04021244309559924,0.3845352860165936,1
2018,5,9,0,0,1,16,0,16,20.8,32325,137.5,2018-05-01,2,0.49999999999999994,-0.8660254037844387,6,0,29.6,19.6,26.1,18.5,23.333333333333332,5.460158727851543,22.833333333333332,2.3000000000000007,0.5333333333333333,2.0,1.4845360824742269,1,18,7.666666666666667,3.0,0.0,3.0,31,15,0.4838709677419355,4.35483870967742,1.0043397396156233,0.10656579487881701,0.014117647058823568,0.27773811485163014,0.040878122634367964,0.9590921539093531,1
2018,6,3,0,0,1,14,0,14,15.4,29241,138.2,2018-06-01,2,1.2246467991473532e-16,-1.0,5,0,20.8,29.6,19.6,12.2,21.933333333333337,7.167519329121716,22.133333333333336,3.200000000000001,0.5333333333333333,-3.0,0.7164179104477612,0,21,7.0,0.0,0.0,2.0,30,16,0.5333333333333333,1.6,0.3647952929639618,-0.06994274809160306,-0.010389874103154173,0.22128251597195525,0.04380664652567967,-0.20982824427480917,1
2018,7,0,0,0,1,0,6,6,6.3,32071,137.3,2018-07-01,3,-0.4999999999999997,-0.8660254037844388,4,0,15.4,20.8,29.6,6.9,14.166666666666666,7.328255817951059,19.633333333333336,-0.6000000000000005,0.5333333333333333,-2.0,0.0,0,0,4.0,0.0,2.0,13.0,31,25,0.8064516129032258,0.0,0.0,0.033115356118931905,0.04380797396257119,0.2730883995094001,0.030780780780780947,0.0,1
2018,8,0,0,0,1,0,0,0,6.1,34525,137.8,2018-08-01,3,-0.8660254037844384,-0.5000000000000004,3,0,6.3,15.4,20.8,5.2,9.266666666666667,5.312563725108023,16.3,0.8999999999999995,0.5333333333333333,-1.0,0.0,0,0,1.0,2.0,11.0,27.0,31,31,1.0,0.0,0.0,0.06805877803557614,0.1847162171436414,0.3180112398630714,0.03298350824587715,0.0,1
2018,9,2,1,0,1,0,0,0,8.5,31691,138.7,2018-09-01,3,-1.0,-1.8369701987210297e-16,2,0,6.1,6.3,15.4,7.4,6.966666666666666,1.3316656236960087,14.450000000000001,1.0999999999999996,0.5333333333333333,2.0,2.1333333333333333,0,2,0.6666666666666666,11.0,14.0,31.0,30,30,1.0,2.0,0.46193964981994284,0.08378646421121028,0.05076259946949602,0.2661321324619694,0.03895131086142323,0.16757292842242055,1
2018,10,11,1,0,1,0,0,0,40.0,32689,139.0,2018-10-01,4,-0.8660254037844386,0.5000000000000001,1,0,8.5,6.1,6.3,39.2,18.2,18.917452259752107,16.183333333333334,0.7999999999999972,0.5333333333333333,2.0,1.1139240506329113,1,11,4.333333333333333,14.0,6.0,27.0,31,31,1.0,11.0,2.4464904938419227,0.019269745252720627,0.02220207010850861,0.28440148644443225,0.034226190476190466,0.2119671977799269,1
2018,11,14,0,0,1,0,0,0,58.1,33148,138.5,2018-11-01,4,-0.5000000000000004,0.8660254037844384,0,1,40.0,8.5,6.1,46.6,35.53333333333333,25.099867197523835,22.400000000000002,11.5,0.5333333333333333,3.0,1.1370558375634519,1,25,9.0,6.0,7.0,20.0,30,30,1.0,14.0,2.949705482555505,-0.039884141926140426,0.07372376263280644,0.292803924799092,0.032041728763040345,-0.558377986965966,1
2018,12,6,0,1,1,0,0,0,23.8,29646,139.9,2018-12-01,4,-2.4492935982947064e-16,1.0,1,0,58.1,40.0,8.5,19.6,40.63333333333333,17.158768409572197,23.799999999999997,4.199999999999999,0.5333333333333333,5.0,1.7777777777777777,0,31,10.333333333333334,7.0,7.0,20.0,31,31,1.0,6.0,1.162136832239925,-0.0645293616484175,-0.03177765439759628,0.2286964321672433,0.034763313609467605,-0.38717616989050496,1
2019,1,7,0,0,0,0,0,0,25.1,34937,141.1,2019-01-01,1,0.49999999999999994,0.8660254037844387,3,0,23.8,58.1,40.0,21.3,35.666666666666664,19.438707090064728,26.933333333333337,3.8000000000000007,0.6,4.0,1.7230769230769232,0,7,9.0,7.0,6.0,22.0,31,31,1.0,7.0,1.2735987479213537,0.06876931077732573,0.1735245708911357,0.32555329781975945,0.029175784099197744,0.4813851754412801,1
2019,2,7,0,0,0,0,0,0,23.3,32500,141.8,2019-02-01,1,0.8660254037844386,0.5000000000000001,4,0,25.1,23.8,58.1,26.1,24.066666666666663,0.9291573243175522,29.799999999999997,-2.8000000000000007,0.6,1.0,1.009009009009009,0,14,6.666666666666667,6.0,9.0,21.0,28,28,1.0,7.0,1.2545769897860861,-0.019548690720405437,0.11255648363686155,0.28094165888663114,0.03958944281524923,-0.13684083504283806,1
2019,3,6,0,0,0,0,0,0,20.3,34401,141.7,2019-03-01,1,1.0,6.123233995736766e-17,5,0,23.3,25.1,23.8,19.6,22.900000000000002,2.4248711305963506,31.766666666666666,0.6999999999999993,0.6,1.0,0.9896907216494846,0,20,6.666666666666667,9.0,6.0,19.0,31,31,1.0,6.0,1.0595272002278553,0.16039263307022877,0.0941793893129772,0.31574130008969925,0.02755620014503246,0.9623557984213726,1
2019,4,9,0,0,0,0,0,0,26.4,36512,142.9,2019-04-01,2,0.8660254037844387,-0.4999999999999998,6,0,20.3,23.3,25.1,29.6,23.33333333333333,3.050136608962448,29.500000000000004,-3.200000000000003,0.6,0.0,1.170731707317073,1,9,7.333333333333333,6.0,4.0,14.0,30,30,1.0,9.0,1.589290800341783,0.04508114606291325,0.17617498308797463,0.35438519413476854,0.04230488694383672,0.4057303145662192,1
2019,5,6,0,0,0,26,0,26,22.7,34768,142.1,2019-05-01,2,0.49999999999999994,-0.8660254037844387,5,0,26.4,20.3,23.3,20.8,23.13333333333333,3.073000705065481,23.599999999999998,1.8999999999999986,0.6,-3.0,0.9896907216494846,0,15,7.0,4.0,4.0,8.0,31,5,0.16129032258064516,0.967741935483871,0.1798561151079137,0.06978461538461533,0.07557617942768746,0.3224595895802442,0.033454545454545404,0.418707692307692,1
2019,6,4,0,0,0,4,0,4,15.5,35372,142.4,2019-06-01,2,1.2246467991473532e-16,-1.0,4,0,22.7,26.4,20.3,15.4,21.53333333333333,5.542863279328919,22.21666666666667,0.09999999999999964,0.6,1.0,0.9552238805970149,0,19,6.333333333333333,4.0,0.0,6.0,30,26,0.8666666666666667,3.466666666666667,0.626181535672666,0.028225923665009756,0.20967135186895103,0.33351639299247626,0.03039073806078152,0.11290369466003902,1
2019,7,4,0,0,0,0,10,10,10.3,36269,142.2,2019-07-01,3,-0.4999999999999997,-0.8660254037844388,3,0,15.5,22.7,26.4,6.3,16.16666666666666,6.226823695378962,19.75,4.000000000000001,0.6,4.0,2.909090909090909,0,4,4.666666666666667,0.0,2.0,12.0,31,21,0.6774193548387096,2.7096774193548385,0.4702662353819358,-0.0066553461875548114,0.13089707212123103,0.3499368444175957,0.03568827385287676,-0.026621384750219246,1
2019,8,0,0,0,0,0,0,0,6.7,36204,143.4,2019-08-01,3,-0.8660254037844384,-0.5000000000000004,2,0,10.3,15.5,22.7,6.1,10.83333333333333,4.424176006143165,16.98333333333333,0.6000000000000005,0.6,0.0,0.0,0,4,2.6666666666666665,2.0,10.0,24.0,31,31,1.0,0.0,0.0,0.041302346985734095,0.04863142650253449,0.34874695663316674,0.04063860667634245,0.0,1
2019,9,2,1,0,0,0,0,0,10.1,34090,144.1,2019-09-01,3,-1.0,-1.8369701987210297e-16,1,0,6.7,10.3,15.5,8.5,9.033333333333331,2.0231987873990236,15.283333333333331,1.5999999999999996,0.6,0.0,2.1333333333333333,0,6,2.0,10.0,12.0,26.0,30,30,1.0,2.0,0.34710126897238125,-0.036243356327038345,0.07569972547410941,0.3100481446903546,0.03893294881038223,-0.07248671265407669,1
2019,10,10,1,0,0,0,0,0,46.7,36243,144.8,2019-10-01,4,-0.8660254037844386,0.5000000000000001,0,1,10.1,6.7,10.3,40.0,21.166666666666668,22.17776664439711,18.666666666666668,6.700000000000003,0.6,-1.0,1.0126582278481013,1,10,4.0,12.0,4.0,21.0,31,31,1.0,10.0,1.7609745321425192,-0.0007168656428354625,0.10872158830187528,0.34946088930382413,0.04172661870503602,-0.007168656428354625,1
2019,11,12,0,0,0,0,0,0,62.8,39133,144.3,2019-11-01,4,-0.5000000000000004,0.8660254037844384,1,0,46.7,10.1,6.7,58.1,39.86666666666667,27.00635727626614,25.349999999999998,4.699999999999996,0.6,-2.0,0.9746192893401016,1,22,8.0,4.0,5.0,17.0,30,30,1.0,12.0,2.1770653834899374,0.08090266268920554,0.18055387957041158,0.40236513079612646,0.04187725631768968,0.9708319522704665,1
2019,12,4,0,1,0,0,0,0,24.2,33062,144.9,2019-12-01,4,-2.4492935982947064e-16,1.0,2,0,62.8,46.7,10.1,23.8,44.56666666666666,19.388226668092496,26.8,0.3999999999999986,0.6,-2.0,1.1851851851851851,0,26,8.666666666666666,5.0,8.0,17.0,31,31,1.0,4.0,0.7483152848090656,-0.030155470812554985,0.11522633744855959,0.29122961173046297,0.03573981415296634,-0.12062188325021994,1
2020,1,5,0,1,1,0,0,0,27.7,47331,147.9,2020-01-01,1,0.49999999999999994,0.8660254037844387,2,0,24.2,62.8,46.7,25.1,38.23333333333333,21.347209029129147,29.7,2.599999999999998,0.6666666666666666,-2.0,1.2307692307692308,0,5,7.0,8.0,4.0,12.0,31,31,1.0,5.0,0.9654981485967402,0.3059349391606656,0.3547528408277758,0.5524374393614879,0.048192771084337505,1.529674695803328,1
2020,2,8,0,0,1,0,0,0,36.6,46457,149.0,2020-02-01,1,0.8660254037844386,0.5000000000000001,3,0,27.7,24.2,62.8,23.3,29.5,6.3929648833698085,34.68333333333333,13.3,0.6666666666666666,1.0,1.1531531531531531,1,13,5.666666666666667,4.0,0.0,4.0,28,28,1.0,8.0,1.5203324024249032,0.18715661973270636,0.4294461538461538,0.5364380251523971,0.05077574047954858,1.497252957861651,1
2020,3,4,0,0,1,0,0,0,21.1,48388,149.3,2020-03-01,1,1.0,6.123233995736766e-17,4,0,36.6,27.7,24.2,20.3,28.46666666666667,7.778388864882807,36.51666666666667,0.8000000000000007,0.6666666666666666,-2.0,0.6597938144329897,0,17,5.666666666666667,0.0,0.0,0.0,31,31,1.0,4.0,0.7850309510410804,0.4635533240578307,0.40658701781924944,0.571786845332894,0.0536344389555401,1.8542132962313227,1
2020,4,0,0,0,1,7,0,7,3.2,49793,149.4,2020-04-01,2,0.8660254037844387,-0.4999999999999998,5,0,21.1,36.6,27.7,26.4,20.3,16.714365079176638,29.266666666666666,-23.2,0.6666666666666666,-9.0,0.0,0,0,4.0,0.0,0.0,0.0,30,23,0.7666666666666667,0.0,0.0,0.05201664870803491,0.3637434268185802,0.5975067274424735,0.045486354093771775,0.0,1
2020,5,0,0,0,1,23,0,23,3.3,51561,149.0,2020-05-01,2,0.49999999999999994,-0.8660254037844387,6,0,3.2,21.1,36.6,22.7,9.200000000000001,10.305823596394386,19.35,-19.4,0.6666666666666666,-6.0,0.0,0,0,1.3333333333333333,0.0,0.0,0.0,31,8,0.25806451612903225,0.0,0.0,0.10986503648535195,0.48300161067648406,0.6298716751789408,0.0485573539760733,0.0,1
2020,6,0,0,0,1,0,0,0,4.6,47822,149.3,2020-06-01,2,1.2246467991473532e-16,-1.0,5,0,3.3,3.2,21.1,15.5,3.6999999999999997,0.7810249675901841,16.083333333333332,-10.9,0.6666666666666666,-4.0,0.0,0,0,0.0,0.0,0.0,1.0,30,30,1.0,0.0,0.0,-0.011697114987186952,0.35197331222435824,0.561425668625405,0.04845505617977541,-0.0,1
2020,7,0,0,0,1,0,10,10,2.6,49887,150.5,2020-07-01,3,-0.4999999999999997,-0.8660254037844388,4,0,4.6,3.3,3.2,10.3,3.5,1.0148891565088507,11.9,-7.700000000000001,0.6666666666666666,-4.0,0.0,0,0,0.0,0.0,1.0,13.0,31,21,0.6774193548387096,0.0,0.0,0.0018878155564034937,0.3754721663128291,0.5992274882384169,0.058368495077355975,0.0,1
2020,8,0,0,0,1,0,0,0,3.8,50419,149.6,2020-08-01,3,-0.8660254037844384,-0.5000000000000004,3,0,2.6,4.6,3.3,6.7,3.6666666666666665,1.0066445913690596,6.433333333333334,-2.9000000000000004,0.6666666666666666,0.0,0.0,0,0,0.0,1.0,12.0,27.0,31,31,1.0,0.0,0.0,-0.022148523108551088,0.39263617279858587,0.60896626210482,0.04323570432357027,-0.0,1
2020,9,1,1,0,1,0,0,0,4.7,49887,151.5,2020-09-01,3,-1.0,-1.8369701987210297e-16,2,0,3.8,2.6,4.6,10.1,3.6999999999999997,1.0535653752849174,3.6999999999999997,-5.3999999999999995,0.6666666666666666,-1.0,1.0666666666666667,0,1,0.3333333333333333,12.0,14.0,29.0,30,30,1.0,1.0,0.27272727272727276,0.0431809627368156,0.46339102376063357,0.5992274882384169,0.051353226925745954,0.0431809627368156,1
2020,10,12,1,0,1,0,0,0,33.2,49791,150.3,2020-10-01,4,-0.8660254037844386,0.5000000000000001,1,0,4.7,3.8,2.6,46.7,13.9,16.720346886353745,8.700000000000001,-13.5,0.6666666666666666,2.0,1.2151898734177216,1,12,4.333333333333333,14.0,3.0,20.0,31,31,1.0,12.0,3.1304347826086953,-0.0019243490288051168,0.3738101150567006,0.5974701155106449,0.037983425414364724,-0.023092188345661402,1
2020,11,14,0,0,1,0,0,0,41.9,49605,151.7,2020-11-01,4,-0.5000000000000004,0.8660254037844384,0,1,33.2,4.7,3.8,62.8,26.600000000000005,19.458417201817813,15.133333333333335,-20.9,0.6666666666666666,2.0,1.1370558375634519,1,26,9.0,3.0,3.0,14.0,30,30,1.0,14.0,3.5,-0.016144707352387044,0.2676002350956992,0.5940652058505868,0.0512820512820511,-0.22602590293341862,1
2020,12,3,0,1,1,0,0,0,14.8,47093,150.6,2020-12-01,4,-2.4492935982947064e-16,1.0,1,0,41.9,33.2,4.7,24.2,29.96666666666667,13.836304901718984,16.833333333333332,-9.399999999999999,0.6666666666666666,-1.0,0.8888888888888888,0,29,9.666666666666666,3.0,8.0,17.0,31,31,1.0,3.0,0.7659574468085106,-0.0560065748591817,0.42438448974653675,0.5480806194738865,0.039337474120082705,-0.1680197245775451,1
2021,1,3,0,0,0,0,0,0,25.2,46164,156.5,2021-01-01,1,0.49999999999999994,0.8660254037844387,2,0,14.8,41.9,33.2,27.7,27.3,13.671503209230485,20.599999999999998,-2.5,0.7333333333333333,-2.0,0.7384615384615385,0,3,6.666666666666667,8.0,6.0,17.0,31,31,1.0,3.0,0.8,-0.07284448996806647,-0.024656145021233478,0.5310743771395098,0.058147396889790315,-0.21853346990419942,1
2021,2,8,0,0,0,0,0,0,30.4,47205,157.2,2021-02-01,1,0.8660254037844386,0.5000000000000001,3,0,25.2,14.8,41.9,36.6,23.46666666666667,7.9431312045900855,25.03333333333333,-6.200000000000003,0.7333333333333333,0.0,1.1531531531531531,1,11,4.666666666666667,6.0,3.0,14.0,28,28,1.0,8.0,2.1333333333333333,-0.04838221953432109,0.016100910519404987,0.5501308876562871,0.055033557046979764,-0.38705775627456873,1
2021,3,6,0,0,0,0,0,0,25.0,48807,157.4,2021-03-01,1,1.0,6.123233995736766e-17,4,0,30.4,25.2,14.8,21.1,26.866666666666664,3.0615900008545824,28.416666666666668,3.8999999999999986,0.7333333333333333,2.0,0.9896907216494846,0,17,5.666666666666667,3.0,5.0,11.0,31,31,1.0,6.0,1.5319148936170213,0.036396067356082584,0.008659171695461598,0.5794570450509822,0.0542531815137306,0.2183764041364955,1
2021,4,3,0,0,0,18,0,18,9.1,48668,158.2,2021-04-01,2,0.8660254037844387,-0.4999999999999998,5,0,25.0,30.4,25.2,3.2,21.5,11.072939989000183,24.400000000000002,5.8999999999999995,0.7333333333333333,3.0,0.3902439024390244,0,3,5.666666666666667,5.0,3.0,8.0,30,12,0.4,1.2000000000000002,0.29875518672199175,0.05424140022528379,-0.022593537244190998,0.5769125157888956,0.058902275769745494,0.16272420067585136,1
2021,5,5,0,0,0,12,0,12,11.9,47880,158.5,2021-05-01,2,0.49999999999999994,-0.8660254037844387,6,0,9.1,25.0,30.4,3.3,15.333333333333334,8.487834431310066,19.4,8.600000000000001,0.7333333333333333,5.0,0.8247422680412371,0,8,4.666666666666667,3.0,0.0,3.0,31,19,0.6129032258064516,3.064516129032258,0.7173420588975584,0.014299332697807365,-0.07139116774306165,0.5624874146484339,0.06375838926174504,0.07149666348903683,1
2021,6,3,0,0,0,0,8,8,11.0,50303,157.7,2021-06-01,2,1.2246467991473532e-16,-1.0,5,0,11.9,9.1,25.0,4.6,10.666666666666666,1.4294521094925257,18.766666666666666,6.4,0.7333333333333333,3.0,0.7164179104477612,0,11,3.6666666666666665,0.0,0.0,1.0,30,22,0.7333333333333333,2.1999999999999997,0.493785447085797,0.03065134099616862,0.05187988791769471,0.6068427700587622,0.056262558606831714,0.09195402298850586,1
2021,7,0,0,0,0,0,0,0,5.9,50396,157.4,2021-07-01,3,-0.4999999999999997,-0.8660254037844388,4,0,11.0,11.9,9.1,2.6,9.6,3.235737937472577,15.550000000000002,3.3000000000000003,0.7333333333333333,0.0,0.0,0,0,2.6666666666666665,0.0,1.0,14.0,31,31,1.0,0.0,0.0,0.03550587655132742,0.010203058913143659,0.6085452248887913,0.04584717607973432,0.0,1
2021,8,0,0,0,0,0,0,0,5.1,48642,158.3,2021-08-01,3,-0.8660254037844384,-0.5000000000000004,3,0,5.9,11.0,11.9,3.8,7.333333333333333,3.2005207909545916,11.333333333333334,1.2999999999999998,0.7333333333333333,0.0,0.0,0,0,1.0,1.0,13.0,27.0,31,31,1.0,0.0,0.0,0.015914786967418548,-0.0352446498343878,0.576436560675124,0.05815508021390392,0.0,1
2021,9,1,1,0,0,0,0,0,11.6,47479,158.0,2021-09-01,3,-1.0,-1.8369701987210297e-16,2,0,5.1,5.9,11.0,4.7,7.533333333333334,3.544479275342516,9.1,6.8999999999999995,0.7333333333333333,0.0,1.0666666666666667,0,1,0.3333333333333333,13.0,13.0,32.0,30,30,1.0,1.0,0.2244479304935441,-0.05613979285529691,-0.048269088139194616,0.5551467223168031,0.04290429042904287,-0.05613979285529691,1
2021,10,13,0,0,0,0,0,0,71.5,50324,159.2,2021-10-01,4,-0.8660254037844386,0.5000000000000001,1,0,11.6,5.1,5.9,33.2,29.400000000000002,36.604234727692365,19.5,38.3,0.7333333333333333,1.0,1.3164556962025316,1,13,4.666666666666667,13.0,6.0,22.0,31,31,1.0,13.0,2.8642501776830134,-0.0014286848162552435,0.010704745837601282,0.6072271953429623,0.05921490352628056,-0.018572902611318165,1
2021,11,13,0,0,0,0,0,0,88.2,52534,158.8,2021-11-01,4,-0.5000000000000004,0.8660254037844384,0,1,71.5,11.6,5.1,41.9,57.1,40.279150934447465,32.21666666666667,46.300000000000004,0.7333333333333333,-1.0,1.0558375634517767,1,26,9.0,6.0,3.0,18.0,30,30,1.0,13.0,2.917823096416073,0.08001315735372727,0.059046467090011046,0.6476833800135464,0.0468029004614372,1.0401710455984545,1
2021,12,6,0,1,0,0,0,0,34.7,48681,159.3,2021-12-01,4,-2.4492935982947064e-16,1.0,1,0,88.2,71.5,11.6,14.8,64.8,27.37206605282107,36.166666666666664,19.900000000000002,0.7333333333333333,3.0,1.7777777777777777,0,32,10.666666666666666,3.0,9.0,18.0,31,31,1.0,6.0,1.2751371115173673,0.025316455696202445,0.03372051047926439,0.5771504933457814,0.057768924302789015,0.15189873417721467,1
2022,1,3,0,1,0,0,0,0,35.6,52508,166.8,2022-01-01,1,0.49999999999999994,0.8660254037844387,3,0,34.7,88.2,71.5,25.2,52.833333333333336,30.631737354145173,41.11666666666667,10.400000000000002,0.8,0.0,0.7384615384615385,0,3,7.333333333333333,9.0,6.0,22.0,31,31,1.0,3.0,0.6375685557586837,0.04339877593196095,0.13742310025127802,0.6472074248997748,0.06581469648562299,0.13019632779588286,1
2022,2,9,0,0,0,0,0,0,44.4,50794,167.5,2022-02-01,1,0.8660254037844386,0.5000000000000001,4,0,35.6,34.7,88.2,30.4,38.233333333333334,5.359415391004166,47.666666666666664,14.0,0.8,1.0,1.2972972972972974,1,12,6.0,6.0,7.0,19.0,28,28,1.0,9.0,1.8794206803637588,-0.03312140708874256,0.0760300815591568,0.6158309993226793,0.06552162849872789,-0.29809266379868304,1
2022,3,6,0,0,0,0,0,0,26.8,52887,167.9,2022-03-01,1,1.0,6.123233995736766e-17,5,0,44.4,35.6,34.7,25.0,35.6,8.79999999999994,50.20000000000001,1.8000000000000007,0.8,0.0,0.9896907216494846,0,18,6.0,7.0,6.0,19.0,31,31,1.0,6.0,1.2529471202425058,0.0863992111912244,0.08359456635318696,0.6541453859812913,0.06670902160101644,0.5183952671473464,1
2022,4,7,0,0,0,29,0,29,32.8,55142,168.4,2022-04-01,2,0.8660254037844387,-0.4999999999999998,6,0,26.8,44.4,35.6,9.1,34.666666666666664,8.94725283723067,43.75,23.699999999999996,0.8,4.0,0.9105691056910569,0,7,7.333333333333333,6.0,6.0,16.0,30,1,0.03333333333333333,0.23333333333333334,0.049559408484479386,0.05016378456616133,0.13302375277389666,0.6954253391180185,0.06447534766118856,0.3511464919631293,1
2022,5,6,0,0,0,1,0,1,33.4,52844,169.3,2022-05-01,2,0.49999999999999994,-0.8660254037844387,5,0,32.8,26.8,44.4,11.9,31.0,3.6496575181787865,34.61666666666667,21.5,0.8,1.0,0.9896907216494846,0,13,6.333333333333333,6.0,4.0,10.0,31,30,0.967741935483871,5.806451612903226,1.1761929827745812,0.04035909753120448,0.10367585630743537,0.6533582294469767,0.0681388012618298,0.24215458518722688,1
2022,6,6,0,0,0,0,10,10,15.5,52397,169.0,2022-06-01,2,1.2246467991473532e-16,-1.0,4,0,33.4,32.8,26.8,11.0,27.23333333333333,10.165792312128564,31.416666666666668,4.5,0.8,3.0,1.4328358208955223,0,19,6.333333333333333,4.0,0.0,4.0,30,20,0.6666666666666666,4.0,0.7863723642256945,-0.009265036776523572,0.04162773592032276,0.6451754626832885,0.07165504121750166,-0.05559022065914143,1
2022,7,4,0,0,0,0,0,0,12.6,53101,169.2,2022-07-01,3,-0.4999999999999997,-0.8660254037844388,3,0,15.5,33.4,32.8,5.9,20.5,11.265433857601707,27.583333333333332,6.699999999999999,0.8,4.0,2.909090909090909,0,4,5.333333333333333,0.0,0.0,11.0,31,31,1.0,4.0,0.7380098202919635,-0.03701352870770014,0.053674894832923314,0.6580628626869497,0.07496823379923745,-0.14805411483080055,1
2022,8,0,0,0,0,0,0,0,8.5,54212,169.6,2022-08-01,3,-0.8660254037844384,-0.5000000000000004,2,0,12.6,15.5,33.4,5.1,12.200000000000001,3.5171010790136297,21.599999999999998,3.4000000000000004,0.8,0.0,0.0,0,4,3.3333333333333335,0.0,11.0,26.0,31,31,1.0,0.0,0.0,0.02588751797744293,0.1145100941573125,0.6784007908177275,0.07138344914718875,0.0,1
2022,9,0,1,0,0,0,0,0,10.9,50972,170.7,2022-09-01,3,-1.0,-1.8369701987210297e-16,1,0,8.5,12.6,15.5,11.6,10.666666666666666,2.0599352740637658,18.95,-0.6999999999999993,0.8,-1.0,0.0,0,4,1.3333333333333333,11.0,15.0,30.0,30,30,1.0,0.0,0.0,-0.027196213523675072,0.07356936750984655,0.6190894612554232,0.08037974683544302,-0.0,1
2022,10,11,1,0,0,0,0,0,67.3,51722,171.0,2022-10-01,4,-0.8660254037844386,0.5000000000000001,0,1,10.9,8.5,12.6,71.5,28.899999999999995,33.277019097268905,24.7,-4.200000000000003,0.8,-2.0,1.1139240506329113,1,11,3.6666666666666665,15.0,4.0,25.0,31,31,1.0,11.0,2.127666949754753,-0.02596937910773811,0.02777998569271123,0.6328189356911418,0.07412060301507539,-0.2856631701851192,1
2022,11,15,0,0,0,0,0,0,100.0,53642,170.3,2022-11-01,4,-0.5000000000000004,0.8660254037844384,1,0,67.3,10.9,8.5,88.2,59.4,45.07227529202403,35.800000000000004,11.799999999999997,0.8,2.0,1.218274111675127,1,26,8.666666666666666,4.0,6.0,17.0,30,30,1.0,15.0,2.8107527242809405,-0.010514277281782669,0.021091102904785552,0.6679663902465813,0.07241813602015124,-0.15771415922674004,1
2022,12,4,0,1,0,0,0,0,35.5,52966,170.8,2022-12-01,4,-2.4492935982947064e-16,1.0,2,0,100.0,67.3,10.9,34.7,67.60000000000001,32.251046494648826,39.13333333333333,0.7999999999999972,0.8,-2.0,1.1851851851851851,0,30,10.0,6.0,7.0,17.0,31,31,1.0,4.0,0.7736970726380921,0.03911951659734747,0.08802202091164935,0.6555915572885204,0.0721908349026994,0.15647806638938988,1
2023,1,6,0,0,1,0,0,0,29.6,58980,176.3,2023-01-01,1,0.49999999999999994,0.8660254037844387,2,0,35.5,100.0,67.3,35.6,55.03333333333334,39.053851709317144,41.96666666666667,-6.0,0.8666666666666667,3.0,1.476923076923077,0,6,8.333333333333334,7.0,4.0,21.0,31,31,1.0,6.0,1.1070147304379454,0.14032713352151882,0.12325740839491117,0.7656836362970693,0.05695443645083942,0.8419628011291129,1
2023,2,7,0,0,1,0,0,0,41.6,56510,176.8,2023-02-01,1,0.8660254037844386,0.5000000000000001,3,0,29.6,35.5,100.0,44.4,35.56666666666667,6.000277771348027,47.48333333333333,-2.799999999999997,0.8666666666666667,-2.0,1.009009009009009,0,13,5.666666666666667,4.0,10.0,22.0,28,28,1.0,7.0,1.3324918552885188,0.05346556802505509,0.11253297633578763,0.7204679004887693,0.055522388059701555,0.3742589761753856,1
2023,3,4,0,0,1,9,0,9,30.5,61030,177.0,2023-03-01,1,1.0,6.123233995736766e-17,4,0,41.6,29.6,35.5,26.8,33.900000000000006,6.683561924602771,50.75,3.6999999999999993,0.8666666666666667,-2.0,0.6597938144329897,0,17,5.666666666666667,10.0,8.0,20.0,31,22,0.7096774193548387,2.838709677419355,0.5688939968035627,0.15224861231733566,0.15396978463516553,0.8032108664213667,0.054198927933293506,0.6089944492693427,1
2023,4,10,0,0,1,21,0,21,39.4,58946,177.8,2023-04-01,2,0.8660254037844387,-0.4999999999999998,5,0,30.5,41.6,29.6,32.8,37.16666666666668,5.877357682950159,46.1,6.600000000000001,0.8666666666666667,3.0,1.3008130081300813,1,10,7.0,8.0,2.0,10.0,30,9,0.3,3.0,0.5746652935118435,-0.0005764665988470252,0.0689855282724603,0.7650612334559833,0.05581947743467941,-0.005764665988470252,1
2023,5,8,0,0,1,0,0,0,30.4,59828,177.6,2023-05-01,2,0.49999999999999994,-0.8660254037844387,6,0,39.4,30.5,41.6,33.4,33.43333333333334,5.167526810122346,34.5,-3.0,0.8666666666666667,2.0,1.3195876288659794,0,18,7.333333333333333,2.0,0.0,2.0,31,31,1.0,8.0,1.4805970149253733,0.05871527163333923,0.13216259177957768,0.7812070953923884,0.049025398700531575,0.4697221730667138,1
2023,6,2,0,0,1,0,10,10,16.0,58267,178.9,2023-06-01,2,1.2246467991473532e-16,-1.0,5,0,30.4,39.4,30.5,15.5,28.600000000000005,11.803389343743593,31.25,0.5,0.8666666666666667,-4.0,0.47761194029850745,0,20,6.666666666666667,0.0,0.0,0.0,30,20,0.6666666666666666,1.3333333333333333,0.25735039778623314,-0.04527281664755034,0.11202931465541921,0.7526314826001794,0.05857988165680483,-0.09054563329510068,1
2023,7,0,0,0,1,0,0,0,10.1,59438,178.7,2023-07-01,3,-0.4999999999999997,-0.8660254037844388,4,0,16.0,30.4,39.4,12.6,18.83333333333334,10.442381592976432,28.000000000000004,-2.5,0.8666666666666667,-4.0,0.0,0,0,3.3333333333333335,0.0,0.0,11.0,31,31,1.0,0.0,0.0,0.008346622332304099,0.11933861885840202,0.7740677686858147,0.056146572104018855,0.0,1
2023,8,0,0,0,1,0,0,0,11.6,61660,178.4,2023-08-01,3,-0.8660254037844384,-0.5000000000000004,3,0,10.1,16.0,30.4,8.5,12.566666666666672,3.0664855018951167,23.0,3.0999999999999996,0.8666666666666667,0.0,0.0,0,0,0.6666666666666666,0.0,11.0,25.0,31,31,1.0,0.0,0.0,0.030621113859731208,0.13738655648195963,0.8147436249473703,0.051886792452830344,0.0,1
2023,9,0,1,0,1,0,0,0,10.3,60986,178.4,2023-09-01,3,-1.0,-1.8369701987210297e-16,2,0,11.6,10.1,16.0,10.9,10.666666666666671,0.8144527815244565,19.633333333333336,-0.5999999999999996,0.8666666666666667,0.0,0.0,0,0,0.0,11.0,14.0,28.0,30,30,1.0,0.0,0.0,0.04666449276605977,0.196460802008946,0.8024054039211379,0.04510837727006445,0.0,1
2023,10,11,0,0,1,0,0,0,58.7,59909,179.4,2023-10-01,4,-0.8660254037844386,0.5000000000000001,1,0,10.3,11.6,10.1,67.3,26.866666666666674,27.57613702702634,22.850000000000005,-8.599999999999994,0.8666666666666667,0.0,1.1139240506329113,1,11,3.6666666666666665,14.0,3.0,22.0,31,31,1.0,11.0,2.2691312384473195,0.007924223560685117,0.15828854259309377,0.782689878631446,0.04912280701754379,0.08716645916753629,1
2023,11,14,0,0,1,0,0,0,82.9,65001,180.7,2023-11-01,4,-0.5000000000000004,0.8660254037844384,0,1,58.7,10.3,11.6,100.0,50.63333333333335,36.966110605977114,31.600000000000005,-17.099999999999994,0.8666666666666667,-1.0,1.1370558375634519,1,25,8.333333333333334,3.0,5.0,14.0,30,30,1.0,14.0,2.938499153658078,0.05418423613363599,0.21175571380634572,0.8759038570670181,0.061068702290076216,0.7585793058709038,1
2023,12,3,0,1,1,0,0,0,30.1,57255,179.4,2023-12-01,4,-2.4492935982947064e-16,1.0,1,0,82.9,58.7,10.3,35.5,57.23333333333334,26.43053789337882,33.95,-5.399999999999999,0.8666666666666667,-1.0,0.8888888888888888,0,28,9.333333333333334,5.0,6.0,17.0,31,31,1.0,3.0,0.6408882082695253,-0.061177975273013496,0.080976475474833,0.7341058450949164,0.050351288056206034,-0.1835339258190405,1
2024,1,5,0,1,0,0,0,0,36.1,62378,183.7,2024-01-01,1,0.49999999999999994,0.8660254037844387,2,0,30.1,82.9,58.7,29.6,49.70000000000001,28.908130344247446,38.28333333333334,6.5,0.9333333333333333,-1.0,1.2307692307692308,0,5,7.333333333333333,6.0,6.0,20.0,31,31,1.0,5.0,1.0875073085168583,0.04121250563354417,0.05761275008477451,0.8278873084738316,0.041973908111174074,0.20606252816772086,1
2024,2,6,0,0,0,0,0,0,50.8,61088,184.5,2024-02-01,1,0.8660254037844386,0.5000000000000001,3,0,36.1,30.1,82.9,41.6,39.00000000000001,10.650352106855408,44.81666666666667,9.199999999999996,0.9333333333333333,-1.0,0.8648648648648649,0,11,4.666666666666667,6.0,8.0,22.0,28,28,1.0,6.0,1.329098848749504,-0.06019907386040213,0.0810122102282782,0.8042726124443956,0.04355203619909487,-0.3611944431624128,1
2024,3,6,0,0,0,20,0,20,28.5,60887,184.4,2024-03-01,1,1.0,6.123233995736766e-17,4,0,50.8,36.1,30.1,30.5,38.466666666666676,11.33681319125144,47.85,-2.0,0.9333333333333333,2.0,0.9896907216494846,0,17,5.666666666666667,8.0,8.0,22.0,31,11,0.3548387096774194,2.129032258064516,0.47787610619469023,0.06343550781591123,-0.0023431099459282345,0.800593113295623,0.041807909604519855,0.3806130468954674,1
2024,4,8,0,0,0,10,0,10,37.3,63357,184.3,2024-04-01,2,0.8660254037844387,-0.4999999999999998,5,0,28.5,50.8,36.1,39.4,38.866666666666674,11.232245248984404,44.28333333333334,-2.1000000000000014,0.9333333333333333,-2.0,1.0406504065040652,1,8,6.666666666666667,8.0,6.0,14.0,30,20,0.6666666666666666,5.333333333333333,1.1470418192329928,0.015694635929333955,0.07483120143860478,0.845808849103923,0.036557930258717564,0.12555708743467164,1
2024,5,8,0,0,0,0,10,10,35.8,62710,184.5,2024-05-01,2,0.49999999999999994,-0.8660254037844387,6,0,37.3,28.5,50.8,30.4,33.866666666666674,4.707794954469921,36.43333333333333,5.399999999999999,0.9333333333333333,0.0,1.3195876288659794,1,16,7.333333333333333,6.0,0.0,6.0,31,21,0.6774193548387096,5.419354838709677,1.222065063649222,0.026551859612362394,0.04817142475095282,0.8339648891573764,0.038851351351351315,0.21241487689889915,1
2024,6,6,0,0,0,0,0,0,20.5,63002,184.6,2024-06-01,2,1.2246467991473532e-16,-1.0,5,0,35.8,37.3,28.5,16.0,31.200000000000006,9.296773633901115,34.833333333333336,4.5,0.9333333333333333,4.0,1.4328358208955223,0,22,7.333333333333333,0.0,0.0,0.0,30,30,1.0,6.0,1.2439160319524432,0.03473647905135735,0.08126383716340291,0.8393102312043494,0.0318613750698713,0.2084188743081441,1
2024,7,0,0,0,0,0,0,0,9.7,64268,184.3,2024-07-01,3,-0.4999999999999997,-0.8660254037844388,4,0,20.5,35.8,37.3,10.1,22.00000000000001,13.114495796636575,30.433333333333334,-0.40000000000000036,0.9333333333333333,0.0,0.0,0,0,4.666666666666667,0.0,0.0,7.0,31,31,1.0,0.0,0.0,0.014378837381820553,0.08126114606817181,0.8624855840518425,0.03133743704532743,0.0,1
2024,8,0,0,0,0,0,0,0,9.7,67630,185.5,2024-08-01,3,-0.8660254037844384,-0.5000000000000004,3,0,9.7,20.5,35.8,11.6,13.30000000000001,6.23538290724779,23.58333333333334,-1.9000000000000004,0.9333333333333333,0.0,0.0,0,0,2.0,0.0,7.0,16.0,31,31,1.0,0.0,0.0,0.07845638654122156,0.09682127797599738,0.9240302414556905,0.03979820627802688,0.0,1
2024,9,0,1,0,0,0,0,0,15.6,64726,185.5,2024-09-01,3,-1.0,-1.8369701987210297e-16,2,0,9.7,9.7,20.5,10.3,11.666666666666677,3.406366588218792,21.433333333333334,5.299999999999999,0.9333333333333333,0.0,0.0,0,0,0.0,7.0,9.0,20.0,30,30,1.0,0.0,0.0,0.02736421065997896,0.0613255501262584,0.870869716440588,0.03979820627802688,0.0,1
2024,10,7,1,0,0,0,0,0,65.5,64829,186.2,2024-10-01,4,-0.8660254037844386,0.5000000000000001,1,0,15.6,9.7,9.7,58.7,30.266666666666676,30.655233375939797,26.133333333333336,6.799999999999997,0.9333333333333333,-4.0,0.7088607594936709,0,7,2.3333333333333335,9.0,4.0,17.0,31,31,1.0,7.0,1.5589702654160849,0.008729072010954075,0.08212455557595688,0.87275523092976,0.037904124860646426,0.06110350407667853,1
2024,11,9,0,0,0,0,0,0,77.8,65892,186.5,2024-11-01,4,-0.5000000000000004,0.8660254037844384,0,1,65.5,15.6,9.7,82.9,52.966666666666676,32.93969236852909,33.13333333333333,-5.1000000000000085,0.9333333333333333,-5.0,0.7309644670050761,1,16,5.333333333333333,4.0,4.0,16.0,30,30,1.0,9.0,2.2094148702155745,-0.025698654443294444,0.013707481423362644,0.8922144726966519,0.03209739900387398,-0.23128788998965,1
2024,12,4,0,1,0,0,0,0,34.1,63767,185.9,2024-12-01,4,-2.4492935982947064e-16,1.0,1,0,77.8,65.5,15.6,30.1,59.13333333333335,22.534935840453013,35.4,4.0,0.9333333333333333,1.0,1.1851851851851851,0,20,6.666666666666667,4.0,8.0,17.0,31,31,1.0,4.0,0.9622763526622118,-0.01481630256774713,0.11373679154658989,0.8533142951287824,0.03623188405797095,-0.05926521027098852,1
2025,1,4,0,0,0,0,0,0,37.8,66827,190.1,2025-01-01,1,0.49999999999999994,0.8660254037844387,3,0,34.1,77.8,65.5,36.1,49.900000000000006,24.23282897228469,40.083333333333336,1.6999999999999957,1.0,-1.0,0.9846153846153847,0,4,5.666666666666667,8.0,5.0,19.0,31,31,1.0,4.0,0.9819621645402553,0.030819540637677667,0.07132322293116156,0.9093305508265144,0.03483941208492114,0.12327816255071067,1
2025,2,8,0,0,0,0,0,0,53.6,68848,191.0,2025-02-01,1,0.8660254037844386,0.5000000000000001,4,0,37.8,34.1,77.8,50.8,41.83333333333334,10.356801307997246,47.4,2.8000000000000043,1.0,2.0,1.1531531531531531,1,12,5.333333333333333,5.0,6.0,19.0,28,28,1.0,8.0,1.8867286559594254,0.0448612881685182,0.12702985856469362,0.9463269079392974,0.035230352303523116,0.3588903053481456,1
2025,3,5,0,0,0,30,0,30,31.1,70138,191.3,2025-03-01,1,1.0,6.123233995736766e-17,5,0,53.6,37.8,34.1,28.5,40.83333333333334,11.552633177476617,49.98333333333334,2.6000000000000014,1.0,-1.0,0.8247422680412371,0,17,5.666666666666667,6.0,8.0,20.0,31,1,0.03225806451612903,0.16129032258064516,0.039569136073862386,0.09991061207207497,0.15193719513196569,0.9699416039687334,0.037418655097613884,0.49955306036037483,1
2025,4,6,0,0,0,0,0,0,33.2,67268,190.6,2025-04-01,2,0.8660254037844387,-0.4999999999999998,6,0,31.1,53.6,37.8,37.3,39.30000000000001,12.428596059088898,44.6,-4.099999999999994,1.0,-2.0,0.7804878048780488,0,6,6.333333333333333,8.0,6.0,14.0,30,30,1.0,6.0,1.4521795705920624,0.006599129094527756,0.06172956421547737,0.9174034817947169,0.034183396635919516,0.039594774567166535,1
2025,5,8,0,0,0,0,10,10,31.9,67550,191.8,2025-05-01,2,0.49999999999999994,-0.8660254037844387,5,0,33.2,31.1,53.6,35.8,32.06666666666668,1.0598742063722921,36.949999999999996,-3.8999999999999986,1.0,0.0,1.3195876288659794,1,14,6.333333333333333,6.0,0.0,6.0,31,21,0.6774193548387096,5.419354838709677,1.3116460637605725,-0.01885312572623754,0.07718067293892528,0.9225657641825471,0.0395663956639567,-0.15082500580990033,1
2025,6,6,0,0,0,0,0,0,24.2,62156,192.1,2025-06-01,2,1.2246467991473532e-16,-1.0,4,0,31.9,33.2,31.1,20.5,29.766666666666676,4.864497233356526,35.300000000000004,3.6999999999999993,1.0,0.0,1.4328358208955223,0,20,6.666666666666667,0.0,0.0,0.0,30,30,1.0,6.0,1.4521795705920624,-0.11380421454846157,-0.013428145138249525,0.8238233840408589,0.040628385698808334,-0.6828252872907694,1
2025,7,0,0,0,0,0,0,0,13.5,66880,191.6,2025-07-01,3,-0.4999999999999997,-0.8660254037844388,3,0,24.2,31.9,33.2,9.7,23.200000000000006,9.240670971309385,31.250000000000004,3.8000000000000007,1.0,0.0,0.0,0,0,4.666666666666667,0.0,0.0,10.0,31,31,1.0,0.0,0.0,-0.005767972884581085,0.04064231032551202,0.9103007670199718,0.0396093326098752,-0.0,1
2025,8,0,0,0,0,0,0,0,10.4,67325,192.5,2025-08-01,3,-0.8660254037844384,-0.5000000000000004,2,0,13.5,24.2,31.9,9.7,16.033333333333342,7.240395937608198,24.050000000000008,0.7000000000000011,1.0,0.0,0.0,0,0,2.0,0.0,10.0,21.0,31,31,1.0,0.0,0.0,-0.0033308660251665234,-0.004509832914387113,0.9184469218518315,0.037735849056603765,-0.0,1
2025,9,0,1,0,0,0,0,0,13.8,67949,192.6,2025-09-01,3,-1.0,-1.8369701987210297e-16,1,0,10.4,13.5,24.2,15.6,12.566666666666677,1.882374387132728,21.166666666666668,-1.799999999999999,1.0,0.0,0.0,0,0,0.0,10.0,11.0,25.0,30,30,1.0,0.0,0.0,0.09320097818392425,0.049794518431542256,0.9298698445823493,0.03827493261455528,0.0,1
2025,10,10,0,0,0,0,0,0,76.4,71551,192.5,2025-10-01,4,-0.8660254037844386,0.5000000000000001,0,1,13.8,10.4,13.5,65.5,33.533333333333346,37.16252592778555,28.36666666666667,10.900000000000006,1.0,3.0,1.0126582278481013,1,10,3.3333333333333335,11.0,4.0,15.0,31,31,1.0,10.0,2.2822085889570554,0.06984150717703352,0.10368816424748184,0.9958079338056273,0.03383458646616555,0.6984150717703352,1
2025,11,11,0,0,0,0,0,0,88.8,71780,193.0,2025-11-01,4,-0.5000000000000004,0.8660254037844384,1,0,76.4,13.8,10.4,77.8,59.66666666666668,40.202653312105326,37.85,11.0,1.0,2.0,0.8934010152284264,1,21,7.0,4.0,,4.0,30,30,1.0,11.0,2.418439716312057,0.06617155588562951,0.08935834395677777,1.0,0.034852546916890104,0.7278871147419246,1
2025,12,4,0,1,0,0,0,0,39.5,67939,194.0,2025-12-01,4,-2.4492935982947064e-16,1.0,2,0,88.8,76.4,13.8,34.1,68.23333333333335,25.644557577258624,40.400000000000006,5.399999999999999,1.0,0.0,1.1851851851851851,0,25,8.333333333333334,,,0.0,31,31,1.0,4.0,0.8794326241134752,-0.00014716920042978643,0.06542569040412749,0.9296867849232064,0.04357181280258193,-0.0005886768017191457,1
